{
            category: 'Farmers Market',
            name: 'Romsey Farmers Market',
            timings: 'First Sunday of every month  10am - 1pm',
            startDate: '',
            endDate: '',
            address: 'Alma Road Car Park (opposite Waitrose), Romsey',
            city: 'Romsey',
            postcode: 'SO51 8ED',
            longitude: '',
            latitude: '',
            website: '',
            email: 'info@hampshirefarmersmarkets.co.uk',
            phone: '',
            bio: '',
            image: 'https://i.imgur.com/kc22xdP.jpg',
            user: users[0]
          },
          {
            category: 'Farmers Market',
            name: 'Southsea Farmers Market',
            timings: 'Third Sunday of every month. 10am - 2pm',
            startDate: '',
            endDate: '',
            address: 'Palmerston Road, Southsea',
            city: 'Southsea',
            postcode: 'PO5 3QE',
            longitude: '',
            latitude: '',
            website: '',
            email: 'info@hampshirefarmersmarkets.co.uk',
            phone: '',
            bio: '',
            image: 'https://i.imgur.com/6IOOJ8a.jpg',
            user: users[0]
          },
          {
            category: 'Farmers Market',
            name: 'Winchester End of Month Farmers Market',
            timings: 'Last Sunday of every month 9am - 2pm',
            startDate: '',
            endDate: '',
            address: 'The Broadway, Winchester',
            city: 'Winchester',
            postcode: 'SO23 9BE',
            longitude: '',
            latitude: '',
            website: '',
            email: 'info@hampshirefarmersmarkets.co.uk',
            phone: '',
            bio: '',
            image: 'https://i.imgur.com/yihkmgM.jpg',
            user: users[0]
          },
          {
            category: 'Farmers Market',
            name: 'Winchester Mid Month Farmers Market',
            timings: 'Second Sunday of every month 9am - 2pm',
            startDate: '',
            endDate: '',
            address: 'The Broadway, Winchester',
            city: 'Winchester',
            postcode: 'SO23 9BE',
            longitude: '',
            latitude: '',
            website: '',
            email: 'info@hampshirefarmersmarkets.co.uk',
            phone: '',
            bio: '',
            image: 'https://i.imgur.com/kOdlsys.jpg',
            user: users[0]
          },
          {
            category: 'Farm Shop',
            name: 'Wellington Farm Shop',
            timings: 'Mon-Sat 8.30am to 5.30pm, Sun 8.30am to 4.00pm',
            startDate: '',
            endDate: '',
            address: 'Wellington Farm Shop, Hampshire',
            city: 'Wellington',
            postcode: 'RG27 0LT',
            longitude: '',
            latitude: '',
            website: '',
            email: 'info@wellingtonfarmshop.co.uk',
            phone: '',
            bio: 'Wellington Farm Shop opens daily and stocks a range of fresh meat such as lamb, pork, poultry, sausages and game. You ll find all of this as well as fruit and veg, local bread and fresh cakes.',
            image: 'https://i.imgur.com/xewOsUv.jpg',
            user: users[0]
          },
          {
            category: 'Farm Shop',
            name: 'Newlyns Farm Shop',
            timings: 'Monday - Friday 8:30am - 5:30pm, Saturday 8:00am - 3:00pm, Sunday 9:00am - 2:30pm',
            startDate: '',
            endDate: '',
            address: 'Lodge Farm North, Warnborough, Hampshire',
            city: 'Warnborough',
            postcode: 'RG29 1HA',
            longitude: '',
            latitude: '',
            website: '',
            email: 'info@newlyns.com',
            phone: '',
            bio: 'Newlyns stock their own home-produced meat as well as offering items such as fresh fruit and vegetables, not forgetting the delicatessen counters full of goodies',
            image: 'https://i.imgur.com/WnrmKZ3.jpg',
            user: users[0]
          },
          {
            category: 'Farm Shop',
            name: 'Durleighmarsh Farm Shop',
            timings: 'Mon-Sat 9.00am to 5.00pm, Sun 10.00am to 3.00pm',
            startDate: '',
            endDate: '',
            address: 'Rogate Road, Petersfield, Hampshire',
            city: 'Petersfield',
            postcode: 'GU31 5AX',
            longitude: '',
            latitude: '',
            website: '',
            email: 'shop@durleighmarshfarmshop.co.uk',
            phone: '',
            bio: 'As well as a good offering of local meat and dairy produce Durleighmarsh also grow their own fruit and vegetables which are all ready-picked in season.',
            image: 'https://i.imgur.com/WsocMnu.jpg',
            user: users[0]
          },
          {
            category: 'Farm Shop',
            name: 'Cobbs Farm Shop',
            timings: 'Mon-Sat 9.00am to 5.00pm, Sunday 10.00am to 4.00pm',
            startDate: '',
            endDate: '',
            address: 'Springvale Road, Headbourne Worthy, Winchester, Hampshire',
            city: 'Winchester',
            postcode: 'SO23 7LD',
            longitude: '',
            latitude: '',
            website: '',
            email: 'winchestershop@cobbsfarmshops.co.uk',
            phone: '',
            bio: 'With a farm shop, cafe and butchery on site, Cobbs certainly have all the bases covered when it comes to food and drink. Having been in the heart of the local community for more than thirty years they pride themselves in serving up quality food with provenance.',
            image: 'https://i.imgur.com/wN2NC27.jpg',
            user: users[0]
          },
          {
            category: 'Farm Shop',
            name: 'Beechcroft Farm Shop',
            timings: 'Click & Collect only',
            startDate: '',
            endDate: '',
            address: 'Crabwood, Sarum Road, Winchester, Hampshire',
            city: 'Winchester',
            postcode: 'SO22 5QS',
            longitude: '',
            latitude: '',
            website: '',
            email: 'info@beechcroftdirect.co.uk',
            bio: 'Winner of Best Farm Shop at the 2013 and 2014 Hampshire Life Food and Drink Awards, Beechcroft offer fresh cuts of lamb, beef and pork, as well as turkey at Christmas. All the animals are free range and left to slowly mature on Beechcrofts chalkland fields.',
            image: 'https://i.imgur.com/Ba11TwB.jpg',
            user: users[0]
          },
          {
            category: 'Zero Waste Shop',
            name: 'All Good Things',
            timings: 'Mon-Weds 9.30am to 4pm, Friday and Saturday 10.00am to 5pm',
            startDate: '',
            endDate: '',
            address: 'Wickham Community Centre, Mill Lane, Wickham, Hampshire',
            city: 'Wickham',
            postcode: 'PO17 5AL',
            longitude: '',
            latitude: '',
            website: '',
            email: 'hello@allgoodthingseco.co.uk',
            phone: '',
            bio: 'Whether you re new to reducing your environmental impact, or a hard-core eco warrior All Good Things is the perfect shop for you. We have packaging-free and zero waste alternatives for many of your regular household purchases.',
            image: 'https://i.imgur.com/adqEg7X.jpg',
            user: users[0]
          },
          {
            category: 'Zero Waste Shop',
            name: 'Earthian Zero Waste',
            timings: 'Tue-Fri 10.00am to 5.00pm, Sat 9.00am to 5.30pm, Sun 10.00am to 4.00pm',
            address: '9A Parchment St, Winchester',
            city: 'Winchester',
            postcode: 'SO23 8AT',
            longitude: '',
            latitude: '',
            website: '',
            email: 'hello@earthianzerowasteshop.co.uk',
            phone: '',
            bio: 'We specialise in plastic-free, organic and low waste products. You can bring your own containers to the store to stock up on food staples such as grains beans pasta and cereals.',
            image: 'https://i.imgur.com/iiFwGhe.jpg',
            user: users[0]
          },
          {
            category: 'Zero Waste Shop',
            name: 'Eco Freaks Emporium',
            timings: 'Mon, Tue, Thur & Friday – 10am to 12pm, Saturday 10:30am - 12:30pm',
            address: '14-16 South Street, Gosport',
            city: 'Gosport',
            postcode: 'PO12 1ES',
            longitude: '',
            latitude: '',
            website: '',
            email: '',
            phone: '02392 528 096',
            bio: 'We stock over 280 loose food products, plastic free and ethical our aim is to sell 95% Organic food by the end of 2020.',
            image: 'https://i.imgur.com/3w59U2S.jpg',
            user: users[0]
          },
          {
            category: 'Vegan Restaurant',
            name: 'ONeills Winchester',
            timings: 'Mon-Sat 9.00am to 9.00pm, Sun 10.00am to 6.00pm',
            address: '90-91 High Street, Winchester, Hampshire',
            city: 'Winchester',
            postcode: 'SO23 9AP',
            longitude: '',
            latitude: '',
            website: '',
            email: '',
            phone: '01962 844 001',
            bio: 'There is plenty to choose from on our vegan and vegetarian menu at ONeills Winchester. So, whether you are in for breakfast, a quick bite at lunchtime, or to share some tapas with your mates, we have got something delicious and nutritious especially for you.',
            image: 'https://i.imgur.com/Ce9Ddum.jpg',
            user: users[0]
          },
          {
            category: 'Vegan Restaurant',
            name: 'Offbeet',
            timings: 'Weds to Sun 11.00am to 5.00pm',
            address: 'Sunnyfields Farm, Jacobs Gutter Lane, Totten, Hampshire',
            city: 'Totten',
            postcode: 'SO40 9FX',
            longitude: '',
            latitude: '',
            website: '',
            email: 'southampton@offbeetfood.com',
            phone: '',
            bio: 'We take popular classic dishes, pull them apart, throw the rule book away and remodel those dishes into something new, exciting and mind blowing.',
            image: 'https://i.imgur.com/ySOWnOD.jpg',
            user: users[0]
          },
          {
            category: 'Charity Shop',
            name: 'British Heart Foundation',
            timings: 'Mon - Sat 9.00am to 5.30pm',
            address: '172 Fleet Road, Fleet, Hampshire',
            city: 'Fleet',
            postcode: 'GU51 4DA',
            longitude: '',
            latitude: '',
            website: '',
            email: '',
            phone: '01252 624891',
            bio: 'Our vision is a world free from the fear of heart and circulatory diseases. A world without heartbreak.',
            image: 'https://i.imgur.com/7u546Dh.png',
            user: users[0]
          },
          {
            category: 'Charity Shop',
            name: 'Blue Cross Charity Shop',
            timings: 'Mon - Sat 9.00am to 5.30pm',
            address: '187 Fleet Road, Fleet, Hampshire',
            city: 'Fleet',
            postcode: 'GU51 4DA',
            longitude: '',
            latitude: '',
            website: '',
            email: '',
            phone: '0300 777 1635',
            bio: 'Our charity shops sell a mixture of donated clothes, books, toys, household goods and soft furnishings.',
            image: 'https://i.imgur.com/txf5p0t.jpg',
            user: users[0]
          },
          {
            category: 'Cycling Shop',
            name: 'Pedal Heaven',
            timings: 'Mon - Sat 9.00am to 5.30pm, Sun 10.00am to 4.00pm',
            address: '311 Fleet Rd, Fleet, Hampshire',
            city: 'Fleet',
            postcode: 'GU51 3BU',
            longitude: '',
            latitude: '',
            website: '',
            email: '',
            phone: '01252 628 575',
            bio: 'Welcome to Pedal Heaven. Hampshire s most innovative and modern bicycle experience destination.',
            image: 'https://i.imgur.com/3TmbWIW.jpg',
            user: users[0]
          },
          {
            category: 'Cycling Shop',
            name: 'East Street Cycles',
            timings: 'Mon - Sat 9.00am to 5.30pm, Sun 10.00am to 4.00pm',
            address: 'Seven Stars House, 88 East St, Farnham, Surrey',
            postcode: 'GU9 7TP',
            city: 'Farnham',
            longitude: '',
            latitude: '',
            website: '',
            email: '',
            phone: '01252 723888',
            bio: 'East Street Cycles journey began long before our doors opened in the Summer of 2004. At the start it was myself and one full time employee and a bit of a rota on Saturdays cajoling friends into helping out…',
            image: 'https://i.imgur.com/sGUpWhd.jpg',
            user: users[0]
          },
          {
            category: [
              'Zero waste shop',
              'Organic Food'
            ],
            name: 'Planet Organic',
            address: '64 Essex Road, Islington, London, UNITED KINGDOM',
            postcode: 'N1 8LR',
            phone: '0207 288 9460',
            city: 'london',
            email: '',
            timings: 'Open Monday to Saturday from 8am to 9pm, Sundays from 9am to 9pm',
            latitude: 51.537880,
            longitude: -0.099460,
            bio: 'The UKs largest fully certified organic supermarket, Planet Organic are getting in on the zero waste act.Four of its stores now offer the Unpackaged zero waste way of buying legumes, grains, dry goods and so on with your own containers.Find them in Muswell Hill, Westbourne Grove, Islington and Torrington Place.',
            image: 'https://www.naturalproductsonline.co.uk/wp-content/uploads/2017/11/Planet-Organic-800x506.jpg',
            user: users[0]
          }